,classical_avg_acousticness,electronic_avg_acousticness,t_stat,p_value
0,0.8691389859179999,0.12197149845200002,161.84329614996932,0.0
